Donor Agency,AMP ID,MGDS Theme Level 1,Project Title,Document Title
  Department for International Development,872261289912,Social Development,Demographic Health Survey,DHS MOU.doc
  Department for International Development,8722611610443,Infrastructure,DFID Response to 08/09 Cholera Epidemic,MOU Cholera.pdf
  Department for International Development,872261289839,Social Development,Pre - Health SWAP FA,Project Memorandum - Health SWAp.doc
  Department for International Development,8722612410555,Infrastructure,Support to Banja La Mtsongolo,Project Memorandum - BLM PoW 2009-2015.doc
  Department for International Development,8722612610577,Social Protection,Community Resilience to Disaster/Climate Risk (Design),Community Resilience Project Memorandum for M&E without Annexes.doc
,,,,moreDFIDgeoinfo.docx
  Department for International Development,8722612610578,Social Protection,Humanitarian Assistance - Karonga Earthquake,Karonga Integrated Recovery Project final Draft Bus Case 120811.doc
  Department for International Development,8722612410197,Sustainable Economic Growth,"Water and Sanitation Governance - (Old name) Water Aid - Policy, Equity and Accountability",moreDFIDgeoinfo.docx
,,,,Log Frame with revisions 21072011 (cope) doc.doc
  Department for International Development,8722612410192,Sustainable Economic Growth,Safe Water Supply & Sanitation - old name Dedza & Ntcheu Safe Water Hygiene Promotion,moreDFIDgeoinfo.docx
,,,,Kasumbu and Mpando WATSAN Project PM_P1.doc
  Department for International Development,8722612610773,Sustainable Economic Growth,WB/AFDB Infrastructure Specialist,moreDFIDgeoinfo.docx
  Department for International Development,8722612610802,Infrastructure,WB/AFDB Infrastructure Specialist,moreDFIDgeoinfo.docx
  Department for International Development,8722612410163,Sustainable Economic Growth,Private Sector Led Growth Opportunities (FA),moreDFIDgeoinfo.docx
  Department for International Development,8722612410152,Sustainable Economic Growth,Private Sector Led Growth Opportunities (TC),moreDFIDgeoinfo.docx
  Department for International Development,8722611610400,Infrastructure,"Rural Roads, Maintenance & Access",moreDFIDgeoinfo.docx
  Department for International Development,8722611610395,Social Protection,DFID Malawi Climate Change Programme,moreDFIDgeoinfo.docx
  Department for International Development,872261269901,Sustainable Economic Growth,TIP Logistical Unit,moreDFIDgeoinfo.docx
  Department for International Development,872261289960, ,PASI,moreDFIDgeoinfo.docx
  Department for International Development,872261289955, ,Policy Analysis and Research,moreDFIDgeoinfo.docx
  Department for International Development,8722611610397,Social Protection,Acute needs/Humanitarian Assistance,moreDFIDgeoinfo.docx
  Department for International Development,8722612610805,Social Development,Acute Needs/Humanitarian Assistance,moreDFIDgeoinfo.docx
  Department for International Development,872261289879,Social Development,Construction (FA),moreDFIDgeoinfo.docx
  Department for International Development,872261149932,Social Protection,Emergency Food Aid - DfID,moreDFIDgeoinfo.docx
  Department for International Development,872261289784, ,Forestry Sector Support Programme,moreDFIDgeoinfo.docx
  Department for International Development,872261149936,Social Protection,Humanitarian Food Aid (SGR) 2,moreDFIDgeoinfo.docx
  Department for International Development,8722611610439,Infrastructure,Infrastructure Support,moreDFIDgeoinfo.docx
  Department for International Development,8722611610438,Infrastructure,Infrastructure Support (FA),moreDFIDgeoinfo.docx
  Department for International Development,872261269866,Social Protection,National Safety Nets Inception Phase,moreDFIDgeoinfo.docx
  Department for International Development,872261289905,Social Protection,National Safety Nets Inception Phase,moreDFIDgeoinfo.docx
  Department for International Development,872261149941,Social Development,Emergency Consignment of Drugs,moreDFIDgeoinfo.docx
  Department for International Development,8722612810047,Social Development,Malawi Sexual and Reproductive Health Programme (TC),moreDFIDgeoinfo.docx
  Department for International Development,8722612810061,Social Development,Safe Motherhood Project  (TC),moreDFIDgeoinfo.docx
